model,train_mae_hours,train_rmse_hours,train_r2,test_mae_hours,test_rmse_hours,test_r2
Random Forest,9.650510587504236,40.21767152538204,0.603322536316771,9.742335094521207,40.834690152982844,0.6032043509559415
Gradient Boosting,10.062189217066573,42.39611620233646,0.5938136528134705,10.183212005348576,43.21253729543495,0.593821037878572
Ridge Regression,14.145533105707788,67.05616251914795,0.018214385433153013,14.14725401436643,66.9701801387606,0.019090819724890795
