{
  "MAE_seconds": 40174.260942764704,
  "RMSE_seconds": 171232.27516020066,
  "n_train": 936606,
  "n_test": 234152
}